_id,class_id,content,fileName,fileid,student_id
62c0467fe7cfaa640ea3dc04,,,孟骏清数据结构测试.docx,01,
62c049ae6f1b680162864017,1,"Lorem ipsum dolor sit amet, consectetur adipiscing elit.
Donec euismod, nisl eget consectetur sagittis, nisl nunc consectetur nisi,
sed euismod nisl nisl euismod nisl.
Donec euismod, nisl eget consectetur sagittis, nisl nunc consectetur nisi,
sed euismod nisl nisl euismod nisl.
Donec euismod, nisl eget consectetur sagittis, nisl nunc consectetur nisi,
sed euismod nisl nisl euismod nisl.
Donec euismod, nisl eget consectetur sagittis, nisl nunc consectetur nisi,
sed euismod nisl nisl euismod nisl.
Donec euismod, nisl eget consectetur sagittis, nisl nunc consectetur nisi,
sed euismod nisl nisl euismod nisl.
Donec euismod, nisl eget consectetur sagittis, nisl nunc consectetur nisi,
sed euismod nisl nisl euismod nisl.
Donec euismod, nisl eget consectetur sagittis, nisl nunc consectetur nisi,
sed euismod nisl nisl euismod nisl.
Donec euismod, nisl eget consectetur sagittis, nisl nunc consectetur nisi",,,19852331
62c057fbec88673e4304414c,222,DS8qKioNICogICAgICAgICAgICAgICAgICAgICAgICAgICAgICAgICAgICAgICAgICAgICAgICAgICAgICAgICAgICAgICAgICAgICAgICAgICAgICAgICAgICAgICAgICAgICAgICAgICAgICAgICAgICAgICAgICAgICAgICAgICAgICAgICAgICAgICAgICAgICAgICAgICAgICAgICAgICAgICAgICAgICAgICAgICAgICAgICAgICAgICAgICAgICAgICAgICAgICAgICAgICAgICAgICAgICAgICAgDSAqICAgICAgICAgIF8vXy8gICAgICAgICAgICAgICAgICAgICAgICBfLyAgICAgICAgICAgICAgICAgICAgICAgICAgICAgICAgICAgICAgICAgICAgICAgICAgICAgICAgICAgIF8vICAgICAgICAgICAgXy9fL18vICAgICAgICAgICAgXy8gICAgICAgICAgICAgICAgICAgICAgICAgICAgICAgICAgICAgICAgXy8gICAgICAgICAgICAgICAgICAgICAgICAgICAgICAgICAgICAgICAgIA0gKiAgICAgICBfLyAgICBfLyAgICBfL18vXy8gICAgXy9fL18vICAgICAgICBfL18vXy8gIF8vXy9fLyAgICBfL18vXy8gIF8vXy8gICAgICBfL18vICAgIF8vXy9fLyAgICBfL18vXy9fLyAgICAgIF8vICAgICAgICBfLyAgICBfLyAgXy9fL18vICAgIF8vXy9fLyAgXy9fLyAgICBfL18vXy8gIF8vXy8gICAgICAgICAgXy9fL18vICAgIF8vXy9fLyAgICBfL18vICAgIF8vXy9fLyAgICANICogICAgICBfL18vXy9fLyAgXy9fLyAgICAgIF8vXy8gICAgICBfLyAgXy8gICAgXy8gIF8vICAgIF8vICBfLyAgICBfLyAgICBfLyAgXy9fL18vXy8gIF8vICAgIF8vICAgIF8vICAgICAgICAgICAgXy9fLyAgICBfLyAgICBfLyAgXy8gICAgXy8gIF8vICAgIF8vICAgIF8vICBfLyAgICBfLyAgICBfLyAgXy8gIF8vXy8gICAgICBfL18vICAgICAgXy8gICAgXy8gIF8vICAgIF8vICAgDSAqICAgICBfLyAgICBfLyAgICAgIF8vXy8gICAgICBfL18vICBfLyAgXy8gICAgXy8gIF8vICAgIF8vICBfLyAgICBfLyAgICBfLyAgXy8gICAgICAgIF8vICAgIF8vICAgIF8vICAgICAgICAgICAgICAgIF8vICBfLyAgICBfLyAgXy8gICAgXy8gIF8vICAgIF8vICAgIF8vICBfLyAgICBfLyAgICBfLyAgXy8gICAgICBfL18vICAgICAgXy9fLyAgXy8gICAgXy8gIF8vICAgIF8vICAgIA0gKiAgICBfLyAgICBfLyAgXy9fL18vICAgIF8vXy9fLyAgICBfLyAgICBfL18vXy8gIF8vICAgIF8vICBfLyAgICBfLyAgICBfLyAgICBfL18vXy8gIF8vICAgIF8vICAgICAgXy9fLyAgICAgIF8vXy9fLyAgICAgIF8vXy9fLyAgXy9fL18vICAgIF8vICAgIF8vICAgIF8vICBfLyAgICBfLyAgICBfLyAgXy8gIF8vXy9fLyAgICBfL18vXy8gICAgICBfL18vICAgIF8vICAgIF8vICAgICANICogICAgICAgICAgICAgICAgICAgICAgICAgICAgICAgICAgICAgICAgICAgXy8gICAgICAgICAgICAgICAgICAgICAgICAgICAgICAgICAgICAgICAgICAgICAgICAgICAgICAgICAgICAgICAgICAgICAgICAgICAgICAgICAgICAgICAgICAgICAgICAgICAgICAgICAgICAgICAgICAgICAgICAgICAgICAgICAgICAgICAgICAgICAgICAgICAgICAgICAgICAgICAgICAgICAgICAgICAgDSAqICAgICAgICAgICAgICAgICAgICAgICAgICAgICAgICAgICAgICBfL18vICAgICAgICAgICAgICAgICAgICAgICAgICAgICAgICAgICAgICAgICAgICAgICAgICAgICAgICAgICAgICAgICAgICAgICAgICAgICAgICAgICAgICAgICAgICAgICAgICAgICAgICAgICAgICAgICAgICAgICAgICAgICAgICAgICAgICAgICAgICAgICAgICAgICAgICAgICAgICAgICAgICAgICAgICAgICAgIA0gKi8=,,,19852331